,url,name
0,https://e-hentai.org/g/1463582/3c6a14a26a/,[Hardcore Zayaku Souten (Hirayan)] 45XY45 (Girls' Frontline) [Chinese] [千岁汉化组] [Digital]
1,https://e-hentai.org/g/1463568/d44a165d54/,[Shiroi Shinoshino (Shinoda Kazuhiro)] Maniac Mansion [Chinese] [夏虫个人汉化] [Digital]
2,https://e-hentai.org/g/1463558/171b59ed3d/,(C96) [Raijinkai (Haruki Genia)] Futomomo Renkinjutsushi Ryza-chan | 허벅지 연금술사 라이자 (Ryza no Atelier) [Korean]
3,https://e-hentai.org/g/1463546/946de5e98a/,[Kamiya Ogawa] Yuru CHICHI Musume
4,https://e-hentai.org/g/1463538/1e945ce85a/,[Midou Tsukasa] Class: X Returns
5,https://e-hentai.org/g/1463531/804ef2c4d2/,[Anthology] Haiboku Otome Ecstasy SP6
6,https://e-hentai.org/g/1463536/95cc7755ec/,[Cow Lipid (Fuurai)] BIBIBIBI RIII (Fate/Grand Order) [Digital]
7,https://e-hentai.org/g/1463447/247376c54a/,(C96) [Hanger Hansha (Yunokawa Yosomi)] Kuuzokutachi no Revenge (Kouya no Kotobuki Hikoutai) [Chinese] [別謝樓主分享漢化組]
8,https://e-hentai.org/g/1463527/0f8c01be38/,(Futaket 15) [Torano Ori (Toritora)] Futanari Akuma no Shachiku Seikatsu [Chinese] [沒有漢化]
9,https://e-hentai.org/g/1463519/d621ff7731/,[Shirono Mahiro] Yokumakezuma no Sukebegao Ch. 1-2 [English] {Doujins.com}
10,https://e-hentai.org/g/1463515/eca0f864ce/,(COMIC1☆13) [Gekkou Tei (Seres Ryu)] Aku no Soshiki de no Oshioki time | An Evil Organization's Punishment Time [English] {Doujins.com}
11,https://e-hentai.org/g/1463267/49c0b99efe/,(C72) [Studio Wallaby (Nagisa Minami)] Troublekko ~Saki & Aya~ (To LOVE-Ru) [English] [EHCOVE]
12,https://e-hentai.org/g/1463650/1c47333708/,(C82) [Karakishi Youhei-dan Shinga (Sahara Wataru)] Konoha Saboten (Naruto) (Bahasa Indonesia)
13,https://e-hentai.org/g/1463647/4f04d99ab5/,(COMIC1☆15) [Enokiya (eno)] BLEND (Kantai Collection -KanColle-) (Bahasa Indonesia)
14,https://e-hentai.org/g/1463595/cf5712d95e/,(C90) [Fireworks (Syutaro)] Eat Up! (Love Live!) [Chinese] [网上打飞机个人汉化]
15,https://e-hentai.org/g/1463631/f5866e579e/,[Shimapan (Tachibana Omina)] Isekai Harem Monogatari - Tales of Harem 4 [Chinese] [鬼畜王汉化组] [Digital]
16,https://e-hentai.org/g/1463626/a83f6d875b/,[TYPE.90] Inbo no Anazono | 음모의 혈원 [Korean]
17,https://e-hentai.org/g/1463633/50e3468236/,[Kasuterura (Shima Syu)] Watashi no Shikyuu o Kimi no Seishi de Ippai ni Shite
18,https://e-hentai.org/g/1463630/e379e862f8/,(C96) [Nazunaya Honpo (7zu7)] Kageru Shogetsu.  [Chinese] [無邪気漢化組]
19,https://e-hentai.org/g/1463621/f98cf9a87a/,[Gensou Stomach (Taku)] Cell Massage + α
20,https://e-hentai.org/g/1463625/a8f8dad8b3/,(COMIC1☆11) [Ohoshisamadou (GEKO)] -Chijoku no Majo Jeanne Alter- Fukujuu Maryoku Kyoukyuu (Fate/Grand Order) (Bahasa Indonesia)
21,https://e-hentai.org/g/1463617/bf857169d0/,[Cheese Company (Peso)] Hatsujou Nyuugyuu Rei Hyoui!? Dosukebe Bakunyuu Youmu Kenzan!! (Touhou Project) [Digital]
22,https://e-hentai.org/g/1463616/4bd15e1585/,[Cheese Company (Peso)] Bounyuu Saiminchuu (Touhou Project) [Digital]
23,https://e-hentai.org/g/1463567/237d718370/,[Anthology] Vol. 3 Kyonyuu Bakunyuu
24,https://e-hentai.org/g/1463612/4b73e201c7/,[Michiking] Shujuu Dreaming ~turn Shion~ (COMIC Kairakuten 2019-03) [Chinese] [無邪気漢化組] [Digital]
25,https://e-hentai.org/g/1463604/836a49990e/,"[MoNyaMoNya (ShiBi)] Tomatta Mama no Shiawase na Toki | This, Our Moment of Happiness (Fate/Grand Order) [English] [Digital]"
26,https://e-hentai.org/g/1463588/a3e900d2ba/,[rebirth] Kami seme rezu chokyo
27,https://e-hentai.org/g/1463584/89f6e1959b/,(C96) [COMEX (Zhen Lu)] Atsugari na Joou-sama (Fate/Grand Order) [Chinese] [空気系☆漢化]
28,https://e-hentai.org/g/1439092/eb16f63bec/,[Tenma Femio] Yokkyuu Fuman no Hitozuma wa Onsen Ryokan de Hageshiku Modaeru CH.1-8 Thai (แปลไทย) ทำต่อเรื่อยๆ...
29,https://e-hentai.org/g/1463508/35899506aa/,[Kurikara] Boinjiru
30,https://e-hentai.org/g/1463509/ef17650efb/,[Araki Akihito] Shouwaru Onna Ni Ai No Muchi 1
31,https://e-hentai.org/g/1463505/d1db980df5/,[bowalia] Saishokukenbi
32,https://e-hentai.org/g/1463499/c1545d9039/,[Nishizaki Eimu] Imouto Paradise! 3 ~Onii-chan to 5-nin no Imouto no Sugoku! Ecchi Shimakuri na Mainichi~ Ch. 6 (BugBug 2018-04) [Korean] [Digital]
33,https://e-hentai.org/g/1463422/bd3b174fa2/,[Tsubaki Jushirou] Ane Megane ch3-4 (COMIC Reboot)
34,https://e-hentai.org/g/1463411/7ad01c266e/,"(C95) [Gessyu (Chouzetsu Bishoujo mine)] Watashi wa Reiju nanka ni Makenaishi Zettai Bonyuu mo Dasanai!! | I Won't Lose to a Command Spell, and I Definitely Won't Squirt Out Breast Milk!! (Fate/Grand Order) [English] [denialinred]"
35,https://e-hentai.org/g/1463415/014be5d195/,[Bifidus] Majiwari no Yado [Chinese]
36,https://e-hentai.org/g/1463381/5b6969b0bd/,"[Amuai Okashi Seisakusho (Yuragumo, Matsuzono)] Yasashiku Onna ni Otosarete ~Watashi, Shiawase desu~ (russian)"
37,https://e-hentai.org/g/1463373/60e1f257de/,[NANIMOSHINAI (Sasamori Tomoe)] Senpai ga Boku ni Shiteru Koto 2 [Digital]
38,https://e-hentai.org/g/1458973/bd6426840e/,[Atsugari Giyuugun (Militia)] Kantai Akuochi Keikaku 2 ~Shoukaku Hen~ (Kantai Collection -KanColle-) [English] {darknight} [Digital]
39,https://e-hentai.org/g/1463361/5b79437108/,[Hinasaki Yo] Akogare no Hito (COMIC Kairakuten BEAST 2015-10) [Thai ภาษาไทย] [T@NUKI]
40,https://e-hentai.org/g/1463358/d0819d3fc5/,[Kishibe] Mori no Ookami-san (Kyou kara Hajimeru Kuro Majutsu) [Thai ภาษาไทย] [T@NUKI] [Digital]
41,https://e-hentai.org/g/1463352/1eb4ed3759/,"[Poppenheim (Kamisyakujii Yubeshi)] Aitsu Ima, Nani Shiteru? [Digital]"
42,https://e-hentai.org/g/1463341/40527ad61b/,[Nukidokoro. (Roteri)] Kono Bismarck ni Saimin nante Kakaru Wake ga Nai ja Nai!! (Kantai Collection -KanColle-) [English] [Manabe] [Digital]
43,https://e-hentai.org/g/1463345/fb613be574/,[Kurayami Toshokan (Nagaguchi Minato] Amai Kusuri (Pretty Face) [2003-02]
44,https://e-hentai.org/g/1463342/34a302579f/,(C96) [COMEX (Zhen Lu)] Atsugari na Joou-sama | 더위 타는 여왕님 (Fate/Grand Order) [Korean] [Snow Dream]
45,https://e-hentai.org/g/1463338/d1edff2419/,[Coffee Maker (Asamine Tel)] Jeanne no Shitto | 흑잔의 질투 (Fate/Grand Order) [Korean] [Snow Dream] [Digital]
46,https://e-hentai.org/g/1453115/a5e66305a5/,[Ukikotatsu] Nagasare Sensei
47,https://e-hentai.org/g/1463316/2eaa8227e0/,(C89) [PLANT (Tsurui)] Chihaya to Seifuku! | Chihaya and Uniform! (THE IDOLM@STER) [English] [MegaFagget]
48,https://e-hentai.org/g/1463314/c7ffa0da64/,(C96) [Saint Seiya (Saint Shiro)] Seijo no Mita Yume | 성녀가 꿨던 꿈 (Fate/Grand Order) [Korean] [샤르카나]
49,https://e-hentai.org/g/1463290/57ddfde41d/,[Anthology] Haiboku Otome Ecstasy Vol. 19 [Digital]
50,https://e-hentai.org/g/1463281/b0f07ad4c1/,[0∞1 (Ather Birochi)] Samurai Onna to Ninja [Digital]
51,https://e-hentai.org/g/1463251/ea8e9137ab/,(FF34) [Usagi BOSS (Shennai Misha)] VIP e no himitsu no orei (THE IDOLM@STER MILLION LIVE!) [Chinese] [Decensored] [Digital]
52,https://e-hentai.org/g/1463242/40d032fa16/,[DSO (Momoko)] Hajimete no Natsu | 첫 여름 [Korean] [Snow Dream] [Digital]
53,https://e-hentai.org/g/1463229/5b95fb25aa/,(C96) [Memeya (Meme50)] Hitozuma Haramu [Chinese] [無邪気漢化組]
54,https://e-hentai.org/g/1463164/83efc474af/,[Sinori] Beta Ama Nee-chan (COMIC Shingeki 2019-07) [Korean] [Digital]
55,https://e-hentai.org/g/1463160/6ded0ab91f/,(C96) [GreenHouse (Uno Ryoku)] Youen ump45-nee (Girls' Frontline) [Chinese] [活力少女戰線×無毒漢化組]
56,https://e-hentai.org/g/1463155/79f5d131ef/,[Raymond] 獵手的末路3
57,https://e-hentai.org/g/1463150/1393115930/,(Heartmeet Southpaw 4) [Dig Dug (kurocastle)] Omegaverse - Kimi ga Nozomanai Sekai (Daiya no Ace) [English] [Diamond Dew Scans]
58,https://e-hentai.org/g/1463153/ac8b293b76/,[Mine Noujou (Minemura)] Futanari Onna ga Otoko o Osou Hon [Digital]
59,https://e-hentai.org/g/1463151/aa5ffb7217/,[Jinsukeya (Jinsuke)] Boku to Oba-san no Koukou Yuugi
60,https://e-hentai.org/g/1463099/e9ee7126ad/,(C93) [Uguisuya (Uguisu Kagura)] SAKURA FLEET [In the case of Takao and Atago.] | 사쿠라 엠파이어 [타카오와 아타고의 경우.] (Azur Lane) [Korean] [truepicture]
61,https://e-hentai.org/g/1463137/c3e3f7bf76/,[Count2.4 (Nishi)] KOTOUMI (THE IDOLM@STER MILLION LIVE!) [Korean] [Sally] [Digital]
62,https://e-hentai.org/g/1463120/b9ec9d6250/,[Kensoh Ogawa (Fukudahda)] C96 no Omake Bon (Fate/Grand Order) [Digital]
63,https://e-hentai.org/g/1463118/aa3bbe88f7/,[Bitimaru (bitibiti)] Kyouko Mizugi Echi Echi Love Hon desu (Puella Magi Madoka Magica) [Digital]
64,https://e-hentai.org/g/1463115/43632c24bb/,(C96) [Small Marron (Asakura Kukuri)] FDO Fate/Dosukebe Order VOL.7.0 (Fate/Grand Order)
65,https://e-hentai.org/g/1463104/5fc6025be5/,(Shuuen no Kizuna) [acoram (Aichi Shiho)] Fanbook no Are de Yuumika ga Dousei Shiteru Hon. (Owari no Seraph) [Chinese]
66,https://e-hentai.org/g/1463202/28bf8330c3/,(C96) [COMEX (Zhen Lu)] Atsugari na Joou-sama (Fate/Grand Order)
67,https://e-hentai.org/g/1463200/5ac0ff8361/,[Hroz] Tonari no Oku-san ga Succubus. | Die Nachbarin ist ein Sukkubus [German] [Sonnenstern]
68,https://e-hentai.org/g/1463194/adc260ac32/,[Okina Keikaku (Shiwasu no Okina)] Hitozuma Saimin Conveni Nikubenki Kouhen [Digital]
69,https://e-hentai.org/g/1463197/a4e2534b5b/,[Leaz Koubou (Oujano Kaze)] Gensou no Loli Kyonyuu Minarai Madoushi Mina (Yu-Gi-Oh!) [Digital]
70,https://e-hentai.org/g/1463191/767b9d47a0/,(Mofuket) [Kemono no Koshikake (Azuma Minatu)] Motto Atsui no wa Suki? | 좀 더 뜨거운 건 좋아해? (Pokémon) [Korean] [강루스페]
71,https://e-hentai.org/g/1463181/42b4421b62/,[Chinchintei (chin)] Renko Sennyuu! Saimin Bunny Girl (Touhou Project) [Digital]
72,https://e-hentai.org/g/1463180/9c59f09b2d/,[Hitori no Daiyokujou (bowcan)] Yari ni Ikeru Idol Riamu-chan (THE IDOLM@STER CINDERELLA GIRLS) [Chinese] [兔司姬漢化組] [Digital]
73,https://e-hentai.org/g/1459149/19eab6a6bb/,(Panzer☆Vor! 13) [Arakiya-san (Araki Mitsuru)] Neteru Aida ni Gimai no Peko ni Ecchi na Koto Sareru Hon (Girls und Panzer) [Chinese] [Lolipoi汉化组]
74,https://e-hentai.org/g/1463091/52392f84d5/,[Kuroneko Akaribon (Kamisiro Ryu)] Maid Live! Sunshine!! Soushuuhen (Love Live! Sunshine!!) [Digital]
75,https://e-hentai.org/g/1463078/37f4a5e7c5/,[Simon] Secret Price (COMIC Unreal 2012-06 Vol. 37) [Korean] [Decensored] [Digital]
76,https://e-hentai.org/g/1463065/71a71a1c39/,[Simon] Secret Price (COMIC Unreal 2012-06 Vol. 37) [English] [desudesu] [Decensored] [Digital]
77,https://e-hentai.org/g/1463043/13940d4f9b/,[Heart ga Hitotsu] Fushi Katei × Josou Seidorei ~Musuko o Mesu ni Shita Aitsu o Mesu ni suru to Chikau Chichi no Nichinichi~ [Chinese] [不咕鸟汉化组]
78,https://e-hentai.org/g/1463021/cd7956d6ec/,[Hitori no Daiyokujou (bowcan)] Yari ni Ikeru Idol Riamu-chan (THE IDOLM@STER CINDERELLA GIRLS) [Korean] [Digital]
79,https://e-hentai.org/g/1463018/36fdcb269f/,(C96) [Raijinkai (Haruki Genia)] Futomomo Renkinjutsushi Ryza-chan (Ryza no Atelier)
80,https://e-hentai.org/g/1463013/616a864add/,[Vpan's EXTASY (Satou Kuuki)] Netosis ~Haruno Kasumi~ | 네토시스 -하루노 카스미- [Korean] [Digital]
81,https://e-hentai.org/g/1463009/0ad79297e6/,(Kemoket 7) [miyubi (Various)] Ran to Houseki ~run jewel~ | 난초와 보석 ~run jewel~ [Korean] [TeamHT]
82,https://e-hentai.org/g/1462985/ff5b1244a0/,[Rokusyoku Mikan (Tachiroku)] Nao-san (30) (THE IDOLM@STER CINDERELLA GIRLS) [Digital]
83,https://e-hentai.org/g/1462986/ce3a23347f/,[Yuyama Chika] Sensei to Boku Ch. 1-7 [Chinese] [萌新大報社]
84,https://e-hentai.org/g/1462984/96109b4dca/,(C96) [Saint Seiya (Saint Shiro)] Seijo no Mita Yume (Fate/Grand Order)
85,https://e-hentai.org/g/1462948/93ce7d5e2f/,(C96) [Kenja Time (MANA)] Fate/Gentle Order 5 (Fate/Grand Order) [Chinese] [谜之汉化组X·Alter&无毒汉化组]
86,https://e-hentai.org/g/1461267/1374cf9a19/,(C96) [Asanoya (Kittsu)] Ore wa Otoko daa Bangaihen (Ranma 1/2)
87,https://e-hentai.org/g/1462966/50f2910e39/,[Nanao Yukiji] Niku Chichi DAYS | 육유 DAYS [Korean] [Sally] [Digital]
88,https://e-hentai.org/g/1462955/90e2f0e819/,(C91) [Morimiyakan (Morimiya Masayuki)] Ankou-san Team + Maho-nee + Kakutaichou + Utsugi-chan + Kaichou + Erika + Pepperoni + Yuzu-chan ni Fella Shite Morau dake ver.2.22 (Girls und Panzer) [Chinese] [無邪気漢化組]
89,https://e-hentai.org/g/1462462/57acf67f69/,[Kobayashi Tetsuya] Frame・Device・Maiden  (Girls forM Vol. 19) [Chinese] [沒有漢化] [Digital]
90,https://e-hentai.org/g/1462945/faeb0142bb/,[Semni] Close as Neighbors (Ch.44 - 51) [English]
91,https://e-hentai.org/g/1462938/e4d29fe972/,(C96) [FortuneQuest (Reco)] Private Lesson 1 (THE IDOLM@STER CINDERELLA GIRLS)
92,https://e-hentai.org/g/1462937/59985a51a4/,(C96) [FortuneQuest (Reco)] Private Lesson 1 (THE IDOLM@STER CINDERELLA GIRLS) [Korean] [Team Edge]
93,https://e-hentai.org/g/1462924/35c2a32ced/,[DATE] Doukyo Suru Neneki Ch. 5 (COMIC Unreal 2019-04 Vol. 78) [Thai] [Digital]
94,https://e-hentai.org/g/1462922/2de1aee58c/,[Shichimen Soka (Sexyturkey)] Ueno-san ni Oshiri Ijirareru Hon (Ueno-san wa Bukiyou) [Digital]
95,https://e-hentai.org/g/1462918/70952e6188/,[Sweet Taste (Amakuchi)] Mahou no Juujin Foxy Rena 8 [Chinese] [逃亡者x新桥月白日语社汉化] [Digital]
96,https://e-hentai.org/g/1462916/9182aa5db9/,(Kansai! Kemoket 3) [Rakuun inu (Tanukichi)] Bui Doru!! (Digimon) [Chinese] [逃亡者x新桥月白日语社汉化]
97,https://e-hentai.org/g/1462906/c01bead9c7/,[Kleitos (Ryunosuke)] Fukushuu no Elf Liselotte ~Futanari Inmon de Mugen Zecchou!~ [Chinese] [不咕鸟x这很恶堕汉化组] [Digital]
98,https://e-hentai.org/g/1462905/6f54bce8ef/,Ice Wall ( I-Raf-You ) English Translation by Webdriver
99,https://e-hentai.org/g/1462900/240aa1f5ae/,(C96) [Migumigu-sou (Dokkoi Migumigu)] Jeanne Alter no Ochiru Sama (Fate/Grand Order)
100,https://e-hentai.org/g/1462899/2b67cab0e2/,[Hitori no Daiyokujou (bowcan)] Yari ni Ikeru Idol Riamu-chan (THE IDOLM@STER CINDERELLA GIRLS) [Digital]
101,https://e-hentai.org/g/1462897/6261894319/,[Vpan's EXTASY (Satou Kuuki)] Netosis ~Haruno Kasumi~ [Digital]
102,https://e-hentai.org/g/1462896/1313337f53/,[Freehand Tamashii] Kaette Kita Musuko ga Kinpatsu Yarichin [Chinese] [猛鬼汉化] [Digital]
103,https://e-hentai.org/g/1462894/20df860f5e/,(C73) [Zaougumi (Zaou Taishi)] Gurenabe. (Tengen Toppa Gurren Lagann) [Spanish] [Junsuhiro]
104,https://e-hentai.org/g/1462865/9fcabdf2b0/,[Imomaru (Kenpi)] Tsuyotsuyo JK Sumireko-chan ga Gob Rinkan (Touhou Project) [Digital]
105,https://e-hentai.org/g/1462864/00f718312b/,(GOOD COMIC CITY 23) [Nayuta (Mikurou)] Rakuen Touhikou | Escape to Paradise (Granblue Fantasy) [Chinese] [路过的骑士汉化组]
106,https://e-hentai.org/g/1462854/d1cac69f8a/,[Moujou Ishiki (Canvas Solaris)] Futanari to Hashibirokou-san to (Kemono Friends) [Digital]
107,https://e-hentai.org/g/1462859/82e6ed2014/,[Nori5rou] Imaizumin-chi wa Douyara Gal no Tamariba ni Natteru Rashii [Textless]
108,https://e-hentai.org/g/1462850/75098b7d02/,(C80) [Mine Noujou (Kirsi)] Inran Seibo Mariya-sama (Maria Holic) [Incomplete]
109,https://e-hentai.org/g/1462852/d62b3fc7d6/,[Meganei] Shishunki no Obenkyou 3 | Puberty Study Session 3 (COMIC Shingeki 2019-08) [English] [2cooked4you + Shippoyasha] [Digital]
110,https://e-hentai.org/g/1462834/3aab6ca34b/,[Arsenothelus (Rebis)] Saimin AV Appli COMIC Dai 2-kan Alexis Hen [Digital]
111,https://e-hentai.org/g/1462847/d00259df27/,(C96) [Umi no Sachi (Suihei Sen)] Kashikiri Pai Onsen | 전세 가슴 온천 [Korean] [Team Edge]
112,https://e-hentai.org/g/1462832/c7e176b34f/,(C96) [Kenja Time (MANA)] Fate Gentle Order 5 (Fate Grand Order) [Thai ภาษาไทย] [Ami Analyzr Translated]
113,https://e-hentai.org/g/1462817/c29553a247/,(HaruCC23) [Anagura (Komu)] Sotsugyou Zenya (Boku no Hero Academia)
114,https://e-hentai.org/g/1462814/d36c3e9d8e/,(Douyara Deban no Youda! 17) [Umami Zeitaku Dashi (Ajisuru)] Manatsu no Junjou (Boku no Hero Academia)
115,https://e-hentai.org/g/1462811/a0f1f45a44/,(Douyara Deban no Youda! 17) [gawwow! (Goro)] 02:59:59 (Boku no Hero Academia)
116,https://e-hentai.org/g/1462806/351617a53f/,(Douyara Deban no Youda! 17) [dilemma (Yao)] 20 Virgin Night (Boku no Hero Academia)
117,https://e-hentai.org/g/1462803/96b08e79d6/,(CLIMAX DIVUS) [Nekobakuchi (Uzukinoko)] Kitsune no Kimochi (BLAZBLUE)
118,https://e-hentai.org/g/1462800/4e6917388e/,[Atelier Dr.HEAD'S (Katou Chakichi)] Nou iki ASMR (Dragon Quest XI)
119,https://e-hentai.org/g/1462798/3d1ef94bfc/,[Atelier Dr.HEAD'S (Katou Chakichi)] ADABANA Prologue (Dragon Quest XI)
